Series Name,Series Code,Country Name,Country Code,1990 [YR1990],2000 [YR2000],2011 [YR2011],2012 [YR2012],2013 [YR2013],2014 [YR2014],2015 [YR2015],2016 [YR2016],2017 [YR2017],2018 [YR2018],2019 [YR2019],2020 [YR2020]
"PPP conversion factor, GDP (LCU per international $)",PA.NUS.PPP,Afghanistan,AFG,..,..,16.6134779097919,17.2422638894206,17.5094188570492,17.0358776005124,17.0225200169416,17.4458279431472,17.2055580487587,16.912757482167,16.9951151794355,..
"PPP conversion factor, GDP (LCU per international $)",PA.NUS.PPP,Albania,ALB,2.33852143942509,42.0093170796519,43.8576795777798,43.6550990559766,44.1136711198315,42.8939996417697,42.6944390538413,42.6537942794049,41.3932778528647,41.250307033105,40.5665735661516,..
"PPP conversion factor, GDP (LCU per international $)",PA.NUS.PPP,Algeria,DZA,3.11954769662,15.7255995626523,29.475887298584,32.5932273864746,33.430347442627,34.0395240783691,35.0108299255371,37.1558265686035,38.8557510375977,40.8284922534754,39.8676829616357,..
"PPP conversion factor, GDP (LCU per international $)",PA.NUS.PPP,American Samoa,ASM,..,..,..,..,..,..,..,..,..,..,..,..
"PPP conversion factor, GDP (LCU per international $)",PA.NUS.PPP,Andorra,AND,..,..,..,..,..,..,..,..,..,..,..,..
"PPP conversion factor, GDP (LCU per international $)",PA.NUS.PPP,Angola,AGO,1.06300875915459E-08,2.09082142166263,64.6057510375977,65.6816711425781,66.0193710327148,65.0006713867188,68.1820449829102,80.7789688110352,92.9517211914063,117.203323936123,156.55023926674,..
"PPP conversion factor, GDP (LCU per international $)",PA.NUS.PPP,Antigua and Barbuda,ATG,1.75865160976358,1.74283227173851,1.69137668609619,1.82857131958008,1.85441470146179,1.914715051651,2.03954124450684,2.06004309654236,2.09350109100342,2.08951189754075,2.1052280478312,..
"PPP conversion factor, GDP (LCU per international $)",PA.NUS.PPP,Argentina,ARG,0.293642788482796,0.663416498388059,2.73312783241272,3.21815371513367,3.94096684455872,5.45196390151978,6.86654806137085,9.29496574401855,10.2568216323853,14.0989426598562,20.994993906183,..
"PPP conversion factor, GDP (LCU per international $)",PA.NUS.PPP,Armenia,ARM,0.00512600236840386,126.388788862778,163.650009155273,157.963836669922,159.846099853516,165.185897827148,172.923522949219,161.228881835938,155.970703125,156.622895422913,156.190422206196,..
"PPP conversion factor, GDP (LCU per international $)",PA.NUS.PPP,Aruba,ABW,0.94513143492128,1.15233411644274,1.30294060707092,1.31780135631561,1.28514099121094,1.30884277820587,1.36231791973114,1.35504460334778,1.35068964958191,..,..,..
"PPP conversion factor, GDP (LCU per international $)",PA.NUS.PPP,Australia,AUS,1.365399,1.311624,1.511052,1.540115,1.447123,1.452489,1.474079,1.449851,1.465824,1.450856,1.439811,..
"PPP conversion factor, GDP (LCU per international $)",PA.NUS.PPP,Austria,AUT,0.921707,0.90728,0.831374,0.813648,0.797081,0.798797,0.798599,0.77701,0.77037,0.767172,0.759788,..
"PPP conversion factor, GDP (LCU per international $)",PA.NUS.PPP,Azerbaijan,AZE,7.64096192186662E-06,0.170279803609383,0.383509784936905,0.369043290615082,0.359447956085205,0.354803949594498,0.377257108688354,0.43090146780014,0.505471646785736,0.55398808849472,0.543243625097082,..
"PPP conversion factor, GDP (LCU per international $)",PA.NUS.PPP,"Bahamas, The",BHS,0.980499057450133,0.977609911382756,0.89856344461441,0.915235459804535,0.903084576129913,0.904266655445099,0.936313271522522,0.924120187759399,0.901406764984131,0.886610490342989,0.883745292451416,..
"PPP conversion factor, GDP (LCU per international $)",PA.NUS.PPP,Bahrain,BHR,0.119323777985959,0.121551944398348,0.178678497672081,0.175509303808212,0.180676996707916,0.183868199586868,0.186731100082397,0.189881026744843,0.187117710709572,0.190576208984485,0.188465448588001,..
"PPP conversion factor, GDP (LCU per international $)",PA.NUS.PPP,Bangladesh,BGD,13.5418960685815,15.7959348468674,23.4095554351807,23.7873516082764,24.9661979675293,25.8188781738281,27.2837295532227,28.4988307952881,29.7381744384766,30.6788193110734,31.4975648481982,..
"PPP conversion factor, GDP (LCU per international $)",PA.NUS.PPP,Barbados,BRB,1.61900571600082,1.77383881698355,2.01888704299927,2.12273716926575,2.14560985565186,2.17311811447144,2.130779504776,2.11886811256409,2.20300507545471,2.21196566112011,2.22855869739927,..
"PPP conversion factor, GDP (LCU per international $)",PA.NUS.PPP,Belarus,BLR,8.12235748536804E-09,0.0157574012731296,0.196053221821785,0.320173144340515,0.373921453952789,0.448664754629135,0.525160431861877,0.563757061958313,0.609042823314667,0.667231328443184,0.69889568521543,..
"PPP conversion factor, GDP (LCU per international $)",PA.NUS.PPP,Belgium,BEL,0.914846,0.899777,0.831911,0.822137,0.806166,0.800214,0.799784,0.78109,0.772879,0.769659,0.755245,..
"PPP conversion factor, GDP (LCU per international $)",PA.NUS.PPP,Belize,BLZ,1.31762129068635,1.21047171511074,1.15122830867767,1.23902153968811,1.26428842544556,1.3124840259552,1.31852507591248,1.34227430820465,1.37506508827209,1.3406551938477,1.32008548632295,..
"PPP conversion factor, GDP (LCU per international $)",PA.NUS.PPP,Benin,BEN,86.0706297410481,206.910777126915,220.433578491211,234.004196166992,231.47721862793,225.044235229492,220.523895263672,214.433868408203,216.77360534668,213.02545067656,208.709435877064,..
"PPP conversion factor, GDP (LCU per international $)",PA.NUS.PPP,Bermuda,BMU,0.911165394758089,1.23554378148132,1.39679682254791,1.45924818515778,1.44175946712494,1.4317272901535,1.41924369335175,1.39972507953644,1.36641585826874,..,..,..
"PPP conversion factor, GDP (LCU per international $)",PA.NUS.PPP,Bhutan,BTN,6.56078594621123,11.9700377624584,16.3968048095703,17.1476078033447,18.1354026794434,18.6770706176758,18.5867748260498,18.8310470581055,19.2083396911621,19.0992725341267,..,..
"PPP conversion factor, GDP (LCU per international $)",PA.NUS.PPP,Bolivia,BOL,0.947327701047235,1.79442555435875,2.98091197013855,3.04548192024231,3.03339672088623,3.01775550842285,2.94069766998291,2.83471202850342,2.748943567276,2.76765058676203,2.70136816905138,..
"PPP conversion factor, GDP (LCU per international $)",PA.NUS.PPP,Bosnia and Herzegovina,BIH,..,0.684993855045506,0.718159048215404,0.705938187888726,0.686155033615143,0.687206878022569,0.693907899749157,0.679837452916553,0.678956070720446,0.673811440735788,0.671911105752808,..
"PPP conversion factor, GDP (LCU per international $)",PA.NUS.PPP,Botswana,BWA,0.964563251172529,2.04573314647739,3.65465807914734,3.96378684043884,4.12584924697876,4.2844295501709,4.43012523651123,4.57505702972412,4.73384952545166,4.67871172991251,4.62801697935227,..
"PPP conversion factor, GDP (LCU per international $)",PA.NUS.PPP,Brazil,BRA,1.15661235454883E-05,0.757127832881758,1.4732164144516,1.60570442676544,1.70127630233765,1.81320106983185,1.98881411552429,2.13308167457581,2.18155694007874,2.20128708828138,2.25344238901063,..
"PPP conversion factor, GDP (LCU per international $)",PA.NUS.PPP,British Virgin Islands,VGB,..,..,1.0275467634201,1.09735071659088,1.09354901313782,1.08941388130188,1.10523045063019,1.09753751754761,1.06877851486206,..,..,..
"PPP conversion factor, GDP (LCU per international $)",PA.NUS.PPP,Brunei Darussalam,BRN,0.441102188577283,0.467398514146933,0.70520681142807,0.676012277603149,0.668107867240906,0.649697363376617,0.685113608837128,0.666354417800903,0.646853625774384,0.690191947843669,0.655735005940827,..
"PPP conversion factor, GDP (LCU per international $)",PA.NUS.PPP,Bulgaria,BGR,0.000690775463042429,0.53583006709626,0.701071950383159,0.69281419432995,0.680006925007935,0.66123087945549,0.678519524764431,0.670879193833553,0.676802486329988,0.690879069894381,0.692620946946102,..
"PPP conversion factor, GDP (LCU per international $)",PA.NUS.PPP,Burkina Faso,BFA,162.453000838609,196.990714805869,223.115814208984,238.978652954102,231.079254150391,231.325927734375,225.415924072266,215.196685791016,208.757202148438,208.793595207184,199.083964283118,..
"PPP conversion factor, GDP (LCU per international $)",PA.NUS.PPP,Burundi,BDI,71.1482535912477,186.585198906418,461.509124755859,527.052978515625,539.311096191406,547.099609375,570.659118652344,585.893188476563,654.895874023438,621.558854561816,615.929926507396,..
"PPP conversion factor, GDP (LCU per international $)",PA.NUS.PPP,Cabo Verde,CPV,56.2314724538732,53.3313665422113,49.6954612731934,51.1407890319824,51.8552169799805,51.8397254943848,50.4526634216309,49.364143371582,48.4771270751953,48.0812651237379,47.5233119250282,..
"PPP conversion factor, GDP (LCU per international $)",PA.NUS.PPP,Cambodia,KHM,..,1077.32390451024,1371.2353515625,1336.79028320313,1340.06762695313,1386.03576660156,1395.92004394531,1402.13061523438,1428.353515625,1438.84892352358,1459.94467432987,..
"PPP conversion factor, GDP (LCU per international $)",PA.NUS.PPP,Cameroon,CMR,153.397908505959,238.337268111344,238.707077026367,242.193954467773,241.0830078125,239.119338989258,240.708267211914,237.443756103516,232.801391601563,231.071971643838,230.711072164872,..
"PPP conversion factor, GDP (LCU per international $)",PA.NUS.PPP,Canada,CAN,1.241934,1.227543,1.239904,1.244607,1.224,1.230358,1.248004,1.206834,1.204736,1.198346,1.193783,..
"PPP conversion factor, GDP (LCU per international $)",PA.NUS.PPP,Cayman Islands,CYM,..,..,0.941537916660309,0.965750873088837,0.981098115444183,0.990836918354034,0.989632904529572,0.981255233287811,0.9737908244133,0.982722475461578,..,..
"PPP conversion factor, GDP (LCU per international $)",PA.NUS.PPP,Central African Republic,CAF,219.934561677034,265.188025682856,256.761352539063,262.128997802734,254.347152709961,290.945220947266,283.523742675781,280.047790527344,286.829162597656,276.786723608055,278.601932679931,..
"PPP conversion factor, GDP (LCU per international $)",PA.NUS.PPP,Chad,TCD,118.385354859304,160.561273846097,258.131317138672,285.353515625,308.419708251953,300.386108398438,252.0751953125,246.884414672852,243.654571533203,249.974388959787,252.707403961622,..
"PPP conversion factor, GDP (LCU per international $)",PA.NUS.PPP,Channel Islands,CHI,..,..,..,..,..,..,..,..,..,..,..,..
"PPP conversion factor, GDP (LCU per international $)",PA.NUS.PPP,Chile,CHL,168.599472,286.579747,348.016847,347.228507,349.680536,367.213907,391.360578,409.97777,411.263749,412.36037,416.246552,..
"PPP conversion factor, GDP (LCU per international $)",PA.NUS.PPP,China,CHN,1.6924318578042,2.71940665409251,3.5244677066803,3.56096792221069,3.66364479064941,3.75884985923767,3.87069725990295,3.98883724212646,4.18381118774414,4.23033656613007,4.22360577080543,..
"PPP conversion factor, GDP (LCU per international $)",PA.NUS.PPP,Colombia,COL,174.178318524683,786.496070671023,1168.24304199219,1203.58520507813,1206.67907714844,1220.60729980469,1276.47937011719,1285.210449,1314.786865,1326.893503,1349.011949,..
"PPP conversion factor, GDP (LCU per international $)",PA.NUS.PPP,Comoros,COM,165.373137455367,191.398661273867,218.977584838867,213.963623046875,211.500030517578,206.343109130859,203.344039916992,197.570556640625,190.125900268555,187.902770172795,190.83335617293,..
"PPP conversion factor, GDP (LCU per international $)",PA.NUS.PPP,"Congo, Dem. Rep.",COD,7.32798356174253E-10,62.5386596858518,532.063415527344,583.254638671875,558.906616210938,530.017639160156,508.595520019531,494.126708984375,645.390563964844,813.167721680132,785.677543485999,..
"PPP conversion factor, GDP (LCU per international $)",PA.NUS.PPP,"Congo, Rep.",COG,100.05876575952,213.097208648952,309.251190185547,316.116363525391,316.151916503906,314.805084228516,311.999053955078,316.625274658203,297.673980712891,353.429821843739,343.054805555302,..
"PPP conversion factor, GDP (LCU per international $)",PA.NUS.PPP,Costa Rica,CRI,33.1406149497509,148.369477811817,344.546020507813,353.784759521484,357.828125,363.421783447266,364.162719726563,352.896851,350.816864,351.648941,351.736707,..
"PPP conversion factor, GDP (LCU per international $)",PA.NUS.PPP,Cote d'Ivoire,CIV,120.005453971232,202.368002843607,236.910583496094,241.715377807617,247.241607666016,246.519332885742,250.638244628906,252.410827636719,253.74560546875,248.461712586919,245.536117815539,..
"PPP conversion factor, GDP (LCU per international $)",PA.NUS.PPP,Croatia,HRV,..,3.78556600013286,3.75262396755822,3.66413302013621,3.57511469544392,3.54348558122873,3.51144604725043,3.40339070700294,3.34040903695877,3.34123659288775,3.28175966671355,..
"PPP conversion factor, GDP (LCU per international $)",PA.NUS.PPP,Cuba,CUB,..,..,0.321938711455632,..,..,..,..,..,..,..,..,..
"PPP conversion factor, GDP (LCU per international $)",PA.NUS.PPP,Curacao,CUW,..,1.24904885119646,1.32462167739868,1.40786039829254,1.41306436061859,1.42879593372345,1.42337906360626,1.41097772121429,1.36715650558472,1.37016079428223,..,..
"PPP conversion factor, GDP (LCU per international $)",PA.NUS.PPP,Cyprus,CYP,0.565157024445077,0.716830532119843,0.698620926141277,0.706849709701724,0.687316415154226,0.679711982804944,0.662963681710043,0.62626190625939,0.617339819013838,0.611375917687836,0.603229717148579,..
"PPP conversion factor, GDP (LCU per international $)",PA.NUS.PPP,Czech Republic,CZE,5.556529,14.327053,13.345305,13.297699,12.785271,12.70321,12.934509,12.577614,12.377591,12.399511,12.443174,..
"PPP conversion factor, GDP (LCU per international $)",PA.NUS.PPP,Denmark,DNK,9.138803,8.668051,7.466492,7.564136,7.354846,7.328674,7.303397,7.080572,6.851847,6.775072,6.668548,..
"PPP conversion factor, GDP (LCU per international $)",PA.NUS.PPP,Djibouti,DJI,..,..,93.5718231201172,98.2695922851563,100.152282714844,102.110855102539,103.302284240723,106.126457214355,106.022705078125,104.621225813899,105.39520087626,..
"PPP conversion factor, GDP (LCU per international $)",PA.NUS.PPP,Dominica,DMA,1.75395097896855,1.98380842860388,1.87042951583862,1.85923862457275,1.86717689037323,1.81103038787842,1.84115517139435,1.82589673995972,1.7375373840332,1.75905615530371,1.7703138321381,..
"PPP conversion factor, GDP (LCU per international $)",PA.NUS.PPP,Dominican Republic,DOM,3.00977564105626,6.99363378449685,18.9759788513184,20.1892147064209,20.8873767852783,21.3589706420898,21.151008605957,20.8188934326172,21.6132755279541,21.9852795806513,22.1468700855724,..
"PPP conversion factor, GDP (LCU per international $)",PA.NUS.PPP,Ecuador,ECU,0.308247640362325,0.24740208945165,0.527572333812714,0.551044821739197,0.542989253997803,0.544437646865845,0.553737103939056,0.549206554889679,0.534820973873138,0.531995242389096,0.521983486956142,..
"PPP conversion factor, GDP (LCU per international $)",PA.NUS.PPP,"Egypt, Arab Rep.",EGY,0.459572143882425,0.852768468242288,1.67461729049683,1.74691808223724,1.87536120414734,2.16186141967773,2.29638957977295,2.56308174133301,3.26660299301147,3.87507294638492,4.32766342696709,..
"PPP conversion factor, GDP (LCU per international $)",PA.NUS.PPP,El Salvador,SLV,0.313500158641048,0.4500213364187,0.505120277404785,0.524124145507813,0.510317265987396,0.496190518140793,0.48772457242012,0.473463237285614,0.462530195713043,0.461244595371602,0.458138355653481,..
"PPP conversion factor, GDP (LCU per international $)",PA.NUS.PPP,Equatorial Guinea,GNQ,139.87508088175,159.311037514478,297.509490966797,295.038024902344,289.678558349609,284.185302734375,277.463562011719,267.943145751953,248.934295654297,270.368702963412,246.522976066431,..
"PPP conversion factor, GDP (LCU per international $)",PA.NUS.PPP,Eritrea,ERI,..,1.94022193437653,6.0772179935858,6.39057525619106,6.09020254654099,6.07178688354149,5.82664899892368,5.80938456725236,5.46990434868798,..,..,..
"PPP conversion factor, GDP (LCU per international $)",PA.NUS.PPP,Estonia,EST,..,0.468744,0.5116,0.521063,0.522424,0.52689,0.537436,0.527902,0.533627,0.541686,0.544555,..
"PPP conversion factor, GDP (LCU per international $)",PA.NUS.PPP,Eswatini,SWZ,0.99666920898029,2.54065724384467,4.05213785171509,4.49662446975708,4.69001626968384,4.98230504989624,5.32290840148926,5.78786039352417,6.20559310913086,6.23174888737197,6.23377336990999,..
"PPP conversion factor, GDP (LCU per international $)",PA.NUS.PPP,Ethiopia,ETH,1.29972037839893,2.10012789842678,5.03550291061401,6.64094877243042,7.08069944381714,7.14422369003296,7.76668500900269,8.05592060089111,8.52085494995117,9.35517892770601,10.4063951028929,..
"PPP conversion factor, GDP (LCU per international $)",PA.NUS.PPP,Faroe Islands,FRO,..,..,..,..,..,..,..,..,..,..,..,..
"PPP conversion factor, GDP (LCU per international $)",PA.NUS.PPP,Fiji,FJI,0.646922639658158,0.757303718761425,0.948667109012604,0.929741382598877,0.934711635112762,0.932411849498749,0.910992801189423,0.937128186225891,0.939006924629211,0.925553109277573,0.931395704309778,..
"PPP conversion factor, GDP (LCU per international $)",PA.NUS.PPP,Finland,FIN,1.005992,0.983754,0.898068,0.908495,0.905357,0.90721,0.907504,0.880984,0.863496,0.857888,0.847363,..
"PPP conversion factor, GDP (LCU per international $)",PA.NUS.PPP,France,FRA,1.026781,0.930021,0.841361,0.844301,0.811643,0.807565,0.808478,0.780123,0.766438,0.756398,0.731711,..
"PPP conversion factor, GDP (LCU per international $)",PA.NUS.PPP,French Polynesia,PYF,..,..,..,..,..,..,..,..,..,..,..,..
"PPP conversion factor, GDP (LCU per international $)",PA.NUS.PPP,Gabon,GAB,146.630987109912,225.813274193281,325.732543945313,326.274444580078,316.434936523438,310.415466308594,297.010833740234,289.720794677734,279.765716552734,292.849825043487,290.092649206771,..
"PPP conversion factor, GDP (LCU per international $)",PA.NUS.PPP,"Gambia, The",GMB,2.35984423638874,2.95808743305612,10.1419715881348,10.8311634063721,11.8732023239136,12.5058794021606,13.5881757736206,14.4826145172119,15.286075592041,15.7106287874213,16.4330929815085,..
"PPP conversion factor, GDP (LCU per international $)",PA.NUS.PPP,Georgia,GEO,5.45061516632141E-07,0.477431706850393,0.811295330524445,0.743100881576538,0.724774062633514,0.722901880741119,0.753516793251038,0.747672736644745,0.804571690379399,0.820091994894743,0.859527284812863,..
"PPP conversion factor, GDP (LCU per international $)",PA.NUS.PPP,Germany,DEU,0.948413,0.942858,0.788739,0.787246,0.774784,0.768937,0.777913,0.752684,0.740562,0.740758,0.737202,..
"PPP conversion factor, GDP (LCU per international $)",PA.NUS.PPP,Ghana,GHA,0.0168395389181995,0.127409687531467,0.697181165218353,0.766061067581177,0.883554935455322,1.04678118228912,1.26583588123322,1.54423666000366,1.76394963264465,1.89923634269544,2.03821389074439,..
"PPP conversion factor, GDP (LCU per international $)",PA.NUS.PPP,Gibraltar,GIB,..,..,..,..,..,..,..,..,..,..,..,..
"PPP conversion factor, GDP (LCU per international $)",PA.NUS.PPP,Greece,GRC,0.336112,0.669522,0.713163,0.684663,0.631286,0.611135,0.608907,0.588639,0.576064,0.566972,0.5571,..
"PPP conversion factor, GDP (LCU per international $)",PA.NUS.PPP,Greenland,GRL,..,..,..,..,..,..,..,..,..,..,..,..
"PPP conversion factor, GDP (LCU per international $)",PA.NUS.PPP,Grenada,GRD,1.6509685819011,1.78685943075721,1.77099478244781,1.80037379264832,1.76927518844604,1.73278737068176,1.7355021238327,1.7301242351532,1.69031286239624,1.64626771880799,1.64884783558216,..
"PPP conversion factor, GDP (LCU per international $)",PA.NUS.PPP,Guam,GUM,..,..,..,..,..,..,..,..,..,..,..,..
"PPP conversion factor, GDP (LCU per international $)",PA.NUS.PPP,Guatemala,GTM,1.00057210149927,2.37868950583945,3.63653254508972,3.64788222312927,3.71683359146118,3.76683330535889,3.73157215118408,3.85765671730042,3.93259406089783,3.88913810052397,3.95292145843157,..
"PPP conversion factor, GDP (LCU per international $)",PA.NUS.PPP,Guinea,GIN,457.742070542451,756.243537892233,2485.90087890625,2789.9404296875,2932.7470703125,3059.93481445313,3164.99609375,3159.34155273438,3216.03491210938,3464.77005602686,3659.75312604887,..
"PPP conversion factor, GDP (LCU per international $)",PA.NUS.PPP,Guinea-Bissau,GNB,14.5500964031574,204.558108080473,230.39176940918,232.193115234375,229.744277954102,223.303588867188,223.35075378418,224.407043457031,222.748580932617,216.688936873765,197.195464791894,..
"PPP conversion factor, GDP (LCU per international $)",PA.NUS.PPP,Guyana,GUY,15.7823846731543,66.2223699779852,100.269470214844,104.888160705566,102.278343200684,101.92862701416,102.838325500488,106.229804992676,105.35279083252,108.501303232817,112.833851844732,..
"PPP conversion factor, GDP (LCU per international $)",PA.NUS.PPP,Haiti,HTI,1.59129290149555,6.50526691590415,18.4949626922607,20.1285877227783,20.9299430847168,21.5955810546875,23.2322654724121,25.2604694366455,28.4983959197998,31.4023403870161,35.2598432583706,..
"PPP conversion factor, GDP (LCU per international $)",PA.NUS.PPP,Honduras,HND,1.96792292517515,6.26024808758964,10.0565614700317,10.370379447937,10.3315505981445,10.3982009887695,10.4744338989258,10.3925352096558,10.3615589141846,10.3158435976293,10.5789327266095,..
"PPP conversion factor, GDP (LCU per international $)",PA.NUS.PPP,"Hong Kong SAR, China",HKG,5.74976986657287,7.10274670607722,5.23263931274414,5.45422792434692,5.54757881164551,5.70645046234131,5.83105325698853,5.93228912353516,6.01143312454224,6.08678556081125,6.12497181497131,..
"PPP conversion factor, GDP (LCU per international $)",PA.NUS.PPP,Hungary,HUN,..,110.045366,124.271836,125.623608,124.979432,129.414974,132.517954,132.047135,134.363108,138.198183,140.935444,..
"PPP conversion factor, GDP (LCU per international $)",PA.NUS.PPP,Iceland,ISL,67.419485,84.701818,135.152004,136.96767,137.022617,138.547869,141.936844,140.044096,137.121985,136.858837,136.658371,..
"PPP conversion factor, GDP (LCU per international $)",PA.NUS.PPP,India,IND,5.48994170053252,9.66433323913331,15.5495491027832,16.1608352661133,17.3423252105713,18.3865489959717,19.2350025177002,19.8987274169922,20.6477928161621,21.090735786371,21.2083220570086,..
"PPP conversion factor, GDP (LCU per international $)",PA.NUS.PPP,Indonesia,IDN,349.823538959378,1385.04705800808,3512.75390625,3569.892578125,3765.671875,4030.77465820313,4353.3271484375,4518.10400390625,4695.65869140625,4762.63710562446,4756.12503830422,..
"PPP conversion factor, GDP (LCU per international $)",PA.NUS.PPP,"Iran, Islamic Rep.",IRN,93.3746993549241,928.389026929132,4758.86962890625,6093.5625,8503.8466796875,9758.5537109375,10701.5615234375,11796.810546875,13061.294921875,..,..,..
"PPP conversion factor, GDP (LCU per international $)",PA.NUS.PPP,Iraq,IRQ,..,222.809283591349,523.340209960938,525.737854003906,531.128173828125,557.279479980469,560.516540527344,570.484985351563,560.760803222656,631.984356465547,621.148162144669,..
"PPP conversion factor, GDP (LCU per international $)",PA.NUS.PPP,Ireland,IRL,0.785238,0.943595,0.831513,0.823072,0.811228,0.819041,0.809469,0.794369,0.791099,0.788238,0.796297,..
"PPP conversion factor, GDP (LCU per international $)",PA.NUS.PPP,Isle of Man,IMN,..,..,..,..,..,..,..,..,..,..,..,..
"PPP conversion factor, GDP (LCU per international $)",PA.NUS.PPP,Israel,ISR,1.685208,3.441821,3.944763,3.955358,3.839566,3.940387,3.924124,3.787556,3.745065,3.720619,3.686818,..
"PPP conversion factor, GDP (LCU per international $)",PA.NUS.PPP,Italy,ITA,0.692719,0.805059,0.758687,0.747731,0.737299,0.739644,0.738495,0.700615,0.686535,0.682701,0.670807,..
"PPP conversion factor, GDP (LCU per international $)",PA.NUS.PPP,Jamaica,JAM,2.74259794464642,22.9415235331631,53.8049468994141,56.475269317627,59.3343353271484,62.7597923278809,65.2952194213867,65.903694152832,67.5818405151367,69.2239760915529,73.2027062394553,..
"PPP conversion factor, GDP (LCU per international $)",PA.NUS.PPP,Japan,JPN,187.710516,154.717851,107.454281,104.273972,101.302673,103.052076,103.449739,105.502599,105.378962,104.609975,101.473948,..
"PPP conversion factor, GDP (LCU per international $)",PA.NUS.PPP,Jordan,JOR,0.185991806944869,0.202477505224975,0.290935188531876,0.302131801843643,0.308029383420944,0.319498181343079,0.312373638153076,0.313839644193649,0.300330430269241,0.298585743542621,0.298017866860135,..
"PPP conversion factor, GDP (LCU per international $)",PA.NUS.PPP,Kazakhstan,KAZ,0.000685596590201529,22.5868578638549,82.0900955200195,83.8324737548828,86.2350845336914,92.8136749267578,100.349800109863,110.82453918457,121.253463745117,129.363011322055,135.717379144285,..
"PPP conversion factor, GDP (LCU per international $)",PA.NUS.PPP,Kenya,KEN,8.36304873987035,21.4529685396828,35.3961219787598,37.9786834716797,37.667854309082,38.2892570495605,39.0404777526855,39.3849563598633,40.1849365234375,40.2095825585497,41.0859108835284,..
"PPP conversion factor, GDP (LCU per international $)",PA.NUS.PPP,Kiribati,KIR,0.558417053839585,0.868222778438721,0.961621381691926,0.939796578965532,0.92484198470533,0.950383172917325,0.973084264571892,0.964230076332077,0.955359002113305,0.983000026719506,1.00479660174012,..
"PPP conversion factor, GDP (LCU per international $)",PA.NUS.PPP,"Korea, Dem. People’s Rep.",PRK,..,..,..,..,..,..,..,..,..,..,..,..
"PPP conversion factor, GDP (LCU per international $)",PA.NUS.PPP,"Korea, Rep.",KOR,557.446416,747.235962,854.585723,854.887268,869.081422,871.878106,857.368025,858.992828,871.695794,870.773016,860.213997,..
"PPP conversion factor, GDP (LCU per international $)",PA.NUS.PPP,Kosovo,XKX,..,0.330570093390666,0.3269386,0.330215634973462,0.332720964569691,0.339622103703024,0.339128029539666,0.339377717152794,0.340077292914052,0.335603979166293,0.333284867018497,..
"PPP conversion factor, GDP (LCU per international $)",PA.NUS.PPP,Kuwait,KWT,..,0.100704505598592,0.171689406037331,0.175966188311577,0.179435595870018,0.178934097290039,0.190294787287712,0.186951458454132,0.17748399078846,0.198690851686125,0.187334467694104,..
"PPP conversion factor, GDP (LCU per international $)",PA.NUS.PPP,Kyrgyz Republic,KGZ,0.00382776687713011,7.15908265600704,15.7278079986572,15.3034334182739,15.3649425506592,16.0363655090332,17.1459732055664,16.7373352050781,16.9587230682373,17.1389395667231,16.7034971150075,..
"PPP conversion factor, GDP (LCU per international $)",PA.NUS.PPP,Lao PDR,LAO,140.24178180975,1398.398633105,2666.53491210938,2615.5234375,2712.92993164063,2738.37084960938,2819.72900390625,2759.42553710938,2789.10864257813,2777.12484696826,2795.66935293385,..
"PPP conversion factor, GDP (LCU per international $)",PA.NUS.PPP,Latvia,LVA,..,0.360722,0.498504,0.506201,0.499271,0.49756,0.497435,0.484583,0.484305,0.491996,0.494739,..
"PPP conversion factor, GDP (LCU per international $)",PA.NUS.PPP,Lebanon,LBN,183.336302738934,756.374192940918,788.751806458703,808.920302054789,798.526027678241,771.114851892429,764.821442134907,742.686105697797,734.775879933884,757.013917003904,765.617610383352,..
"PPP conversion factor, GDP (LCU per international $)",PA.NUS.PPP,Lesotho,LSO,1.1137058215879,2.40901029278943,4.0807523727417,4.37335777282715,4.39308023452759,4.6232328414917,4.75158739089966,5.01154088973999,5.50585269927979,5.7475944710991,5.80361489932133,..
"PPP conversion factor, GDP (LCU per international $)",PA.NUS.PPP,Liberia,LBR,..,0.308871284481963,0.545838707946248,0.560399264542897,0.539034881828001,0.521862499406327,0.549791635347342,0.518197656292429,0.460993551184097,0.442021330405606,0.41822130958956,..
"PPP conversion factor, GDP (LCU per international $)",PA.NUS.PPP,Libya,LBY,..,0.20276075337384,0.592176242072255,0.676705556447607,0.66332263732612,0.575297949075791,0.490304618751412,0.505056907794618,0.606110227539676,0.699454522817719,0.679880412023559,..
"PPP conversion factor, GDP (LCU per international $)",PA.NUS.PPP,Liechtenstein,LIE,..,..,..,..,..,..,..,..,..,..,..,..
"PPP conversion factor, GDP (LCU per international $)",PA.NUS.PPP,Lithuania,LTU,..,0.451556,0.451919,0.452656,0.443347,0.442622,0.445737,0.438483,0.441871,0.45091,0.454781,..
"PPP conversion factor, GDP (LCU per international $)",PA.NUS.PPP,Luxembourg,LUX,0.967754,0.955495,0.905099,0.90679,0.895254,0.884138,0.881025,0.85198,0.844442,0.845814,0.844757,..
"PPP conversion factor, GDP (LCU per international $)",PA.NUS.PPP,"Macao SAR, China",MAC,2.77467076637471,3.62918500876432,4.43978691101074,4.56529092788696,4.64387083053589,4.86066198348999,5.13702344894409,5.11785411834717,5.15491628646851,5.21394488247781,5.25704198180458,..
"PPP conversion factor, GDP (LCU per international $)",PA.NUS.PPP,Madagascar,MDG,83.5030915387968,306.668845895751,694.862670898438,742.898193359375,777.658813476563,823.956115722656,886.09130859375,941.010864257813,1013.43463134766,1065.14461839397,1102.13898249254,..
"PPP conversion factor, GDP (LCU per international $)",PA.NUS.PPP,Malawi,MWI,1.46211075352803,17.941320776096,78.769287109375,94.3312454223633,114.541244506836,146.203704833984,186.614883422852,221.197341918945,251.074234008789,261.644963992706,278.160686819811,..
"PPP conversion factor, GDP (LCU per international $)",PA.NUS.PPP,Malaysia,MYS,0.968653348287849,1.18994121923454,1.46613442897797,1.45363140106201,1.47225975990295,1.50547206401825,1.56763064861298,1.59425818920135,1.65478694438934,1.62814818482406,1.60151379839139,..
"PPP conversion factor, GDP (LCU per international $)",PA.NUS.PPP,Maldives,MDV,..,3.19054034948661,7.86162567138672,8.15415573120117,8.24644565582275,8.1737174987793,8.27791118621826,8.12886047363281,8.16077995300293,8.39241320094214,8.426108648143,..
"PPP conversion factor, GDP (LCU per international $)",PA.NUS.PPP,Mali,MLI,129.099743251802,169.356442510822,216.09016418457,225.378707885742,219.312393188477,218.682708740234,218.57096862793,211.356674194336,214.508682250977,213.937300305409,215.317142273462,..
"PPP conversion factor, GDP (LCU per international $)",PA.NUS.PPP,Malta,MLT,0.570296754296027,0.57983707566598,0.574147955988908,0.579727134394067,0.577477133046715,0.58636002149382,0.599541439362903,0.58670342494951,0.580244516558381,0.585854643705139,0.575610344203991,..
"PPP conversion factor, GDP (LCU per international $)",PA.NUS.PPP,Marshall Islands,MHL,0.830691844803971,0.917809484400341,0.938595164408269,0.989515917156476,0.962370584607811,0.938134380515554,0.913224800358914,0.968782830522812,0.969784332059184,0.950350968483317,..,..
"PPP conversion factor, GDP (LCU per international $)",PA.NUS.PPP,Mauritania,MRT,2.80504895565701,5.15916988471255,11.9681709289551,12.1540863037109,12.0417060852051,11.820645904541,11.7810821533203,11.5219329833984,11.1257583618164,11.0658295104504,11.3746178702215,..
"PPP conversion factor, GDP (LCU per international $)",PA.NUS.PPP,Mauritius,MUS,7.53066248647711,11.4248271074189,15.8533592224121,16.4589385986328,16.5601921081543,16.8178844451904,16.882137298584,16.6223602294922,16.8822021484375,16.7315039086317,16.5995572200876,..
"PPP conversion factor, GDP (LCU per international $)",PA.NUS.PPP,Mexico,MEX,1.346927,6.103027,7.673013,7.858708,7.884359,8.045318,8.325895,8.445558,8.870941,9.127,9.308756,..
"PPP conversion factor, GDP (LCU per international $)",PA.NUS.PPP,"Micronesia, Fed. Sts.",FSM,0.863185407722956,0.872477856339903,0.879293960153449,0.924196978818283,0.914042918891375,0.924197792470497,0.866409217794174,0.891728776735378,0.940474250279455,1.00503463979697,..,..
"PPP conversion factor, GDP (LCU per international $)",PA.NUS.PPP,Moldova,MDA,..,1.77675800986255,4.99565410614014,5.00982761383057,4.98872232437134,5.29301452636719,5.55608701705933,5.4087381362915,5.57240152359009,5.61705986465249,5.82396173906452,..
"PPP conversion factor, GDP (LCU per international $)",PA.NUS.PPP,Monaco,MCO,..,..,..,..,..,..,..,..,..,..,..,..
"PPP conversion factor, GDP (LCU per international $)",PA.NUS.PPP,Mongolia,MNG,1.75170889930215,136.910950191027,533.526977539063,577.66015625,630.679809570313,683.767456054688,717.072265625,729.222778320313,791.43603515625,838.230666469627,892.401107554142,..
"PPP conversion factor, GDP (LCU per international $)",PA.NUS.PPP,Montenegro,MNE,..,0.293405799508404,0.363801174821839,0.369767613644758,0.364005107193352,0.36178613648576,0.359543883102975,0.351349084886476,0.351941244674355,0.352895663327966,0.343159121506219,..
"PPP conversion factor, GDP (LCU per international $)",PA.NUS.PPP,Morocco,MAR,3.89956845387497,3.9630406172955,3.67227602005005,3.74962878227234,3.79398965835571,4.03386259078979,3.99644541740417,3.99403691291809,4.02344036102295,3.97259028207262,3.93730708896332,..
"PPP conversion factor, GDP (LCU per international $)",PA.NUS.PPP,Mozambique,MOZ,0.83081060845083,9.98290183694192,16.8935413360596,18.0192642211914,18.425573348999,18.5511798858643,18.2642478942871,19.8335285186768,22.8555526733398,22.8029378552676,23.0759672324288,..
"PPP conversion factor, GDP (LCU per international $)",PA.NUS.PPP,Myanmar,MMR,8.64223334748213,59.3476790209305,261.783935546875,267.496154785156,278.559387207031,294.006622314453,318.978546142578,347.070587158203,366.713256835938,380.705174916892,402.789575850351,..
"PPP conversion factor, GDP (LCU per international $)",PA.NUS.PPP,Namibia,NAM,1.44373822182655,2.89130339482266,4.73150825500488,5.2124400138855,5.40016317367554,5.66621780395508,5.93209457397461,6.41411113739014,7.0205979347229,7.15360446105477,7.13661898221429,..
"PPP conversion factor, GDP (LCU per international $)",PA.NUS.PPP,Nauru,NRU,..,..,0.998753796315207,1.23457603167832,0.948684768075493,0.873596484098386,0.76256458264502,0.960133696600271,1.05638574068385,1.0711308514691,1.08764727261923,..
"PPP conversion factor, GDP (LCU per international $)",PA.NUS.PPP,Nepal,NPL,7.81077783273098,14.3618370827466,25.2546119689941,26.0044403076172,26.7998695373535,28.1527462005615,29.9425354003906,31.9988098144531,31.2349834442139,32.5596191129726,33.975944667073,..
"PPP conversion factor, GDP (LCU per international $)",PA.NUS.PPP,Netherlands,NLD,0.919158,0.890217,0.836065,0.824408,0.798166,0.808798,0.809761,0.795528,0.778486,0.780327,0.784937,..
"PPP conversion factor, GDP (LCU per international $)",PA.NUS.PPP,New Caledonia,NCL,..,..,..,..,..,..,..,..,..,..,..,..
"PPP conversion factor, GDP (LCU per international $)",PA.NUS.PPP,New Zealand,NZL,1.53879,1.443592,1.485915,1.495622,1.445979,1.44073,1.475468,1.440658,1.453416,1.449954,1.453358,..
"PPP conversion factor, GDP (LCU per international $)",PA.NUS.PPP,Nicaragua,NIC,0.06276218198598,4.59360899707255,8.70955848693848,9.36168193817139,9.71493053436279,10.1596918106079,10.5541677474976,10.5936603546143,10.8068704605103,10.9370235693096,11.2513507395144,..
"PPP conversion factor, GDP (LCU per international $)",PA.NUS.PPP,Niger,NER,158.408484002419,181.510402927011,226.127777099609,233.426773071289,242.08447265625,243.999694824219,249.921112060547,257.018951416016,258.460083007813,259.090365604414,255.934261097682,..
"PPP conversion factor, GDP (LCU per international $)",PA.NUS.PPP,Nigeria,NGA,2.3472804631332,23.3010213565645,78.7765274047852,86.8260498046875,90.2611846923828,92.7820281982422,96.8323974609375,105.373916625977,115.977828979492,124.893502029381,135.500754223145,..
"PPP conversion factor, GDP (LCU per international $)",PA.NUS.PPP,North Macedonia,MKD,0.0482238854773296,19.9387995748356,19.2895160568924,19.0034569871028,19.1053755374095,18.9958803510657,19.4354960432973,19.0785271529103,19.1179840419328,19.1265249310881,18.7933771374606,..
"PPP conversion factor, GDP (LCU per international $)",PA.NUS.PPP,Northern Mariana Islands,MNP,..,..,..,..,..,..,..,..,..,..,..,..
"PPP conversion factor, GDP (LCU per international $)",PA.NUS.PPP,Norway,NOR,9.594081,9.083154,9.082736,9.037085,9.029349,9.278458,9.929852,10.042915,9.921801,9.827081,9.930783,..
"PPP conversion factor, GDP (LCU per international $)",PA.NUS.PPP,Oman,OMN,0.108017529251155,0.0936507672889773,0.184847801923752,0.188951402902603,0.190663322806358,0.199446067214012,0.198082402348518,0.194321051239967,0.200041279196739,0.215641806849303,0.204793598480803,..
"PPP conversion factor, GDP (LCU per international $)",PA.NUS.PPP,Pakistan,PAK,5.44094444751648,11.1922152722611,24.9616813659668,26.6353092193604,28.5217208862305,30.4034805297852,31.4678573608398,32.3776473999023,33.5889205932617,33.6216020156133,35.8941842051727,..
"PPP conversion factor, GDP (LCU per international $)",PA.NUS.PPP,Palau,PLW,..,0.773312366517373,0.749237503264511,0.788967824032735,0.832252434089917,0.851792597519986,0.882871102791264,0.927448458775764,0.899947187376525,0.857431946684166,..,..
"PPP conversion factor, GDP (LCU per international $)",PA.NUS.PPP,Panama,PAN,0.516122373274756,0.485235256566808,0.552960157394409,0.57401180267334,0.571320414543152,0.558843910694122,0.538338184356689,0.515441060066223,0.4974704682827,0.490612613252984,0.480153179917184,..
"PPP conversion factor, GDP (LCU per international $)",PA.NUS.PPP,Papua New Guinea,PNG,0.726372282256002,1.25475375618433,1.85903340416986,1.81356768705052,1.84621958988962,1.91046193522825,1.81743648254338,1.86804319215797,1.97429028655634,2.06611091568748,2.10926885054647,..
"PPP conversion factor, GDP (LCU per international $)",PA.NUS.PPP,Paraguay,PRY,313.896870544762,871.645015594267,2126.669921875,2288.408203125,2309.77734375,2383.45092773438,2453.15966796875,2507.39965820313,2534.37670898438,2530.09465685661,2558.02187755915,..
"PPP conversion factor, GDP (LCU per international $)",PA.NUS.PPP,Peru,PER,0.0736874457663361,1.35325104505456,1.54290533065796,1.59930646419525,1.61615884304047,1.6458592414856,1.71408557891846,1.74326360225677,1.74945497512817,1.74358483147515,1.74036097974373,..
"PPP conversion factor, GDP (LCU per international $)",PA.NUS.PPP,Philippines,PHL,7.235344129356,13.7837018858976,18.0976543426514,18.0689830780029,18.4258670806885,18.876012802124,19.0010089874268,18.9486045837402,19.3850116729736,19.6465400338118,19.4573009027202,..
"PPP conversion factor, GDP (LCU per international $)",PA.NUS.PPP,Poland,POL,0.266389,1.832479,1.801424,1.796168,1.762045,1.767142,1.764643,1.733018,1.737356,1.754052,1.749863,..
"PPP conversion factor, GDP (LCU per international $)",PA.NUS.PPP,Portugal,PRT,0.476831,0.660868,0.623083,0.605398,0.583607,0.578868,0.58479,0.571474,0.574968,0.578515,0.566891,..
"PPP conversion factor, GDP (LCU per international $)",PA.NUS.PPP,Puerto Rico,PRI,0.644579784673063,0.705192363181539,0.857175412464289,0.857657604831112,0.859537825918039,0.860421766807077,0.874984382157263,0.891701799348515,0.905278276646617,0.905522975485098,0.914474900726778,..
"PPP conversion factor, GDP (LCU per international $)",PA.NUS.PPP,Qatar,QAT,..,1.12693387459417,2.15251445770264,2.18644571304321,2.23963689804077,2.36497807502747,2.46818041801453,2.50381851196289,2.34594988822937,2.58867446723871,2.44380873085103,..
"PPP conversion factor, GDP (LCU per international $)",PA.NUS.PPP,Romania,ROU,0.000701536395739661,0.615950308908523,1.55003429048514,1.56358492517248,1.60622673630147,1.62837184309511,1.66243324636494,1.60702181038037,1.61073567650267,1.6741969378565,1.69523981754978,..
"PPP conversion factor, GDP (LCU per international $)",PA.NUS.PPP,Russian Federation,RUS,0.000542312701949795,7.301404,18.443729,19.56826,19.505592,20.998875,23.562632,24.195032,24.0504,24.773997,25.700854,..
"PPP conversion factor, GDP (LCU per international $)",PA.NUS.PPP,Rwanda,RWA,50.9200102791018,134.431880216523,276.649230957031,299.239135742188,302.894805908203,297.071807861328,299.615020751953,311.476104736328,325.126220703125,315.259785370285,311.003094113629,..
"PPP conversion factor, GDP (LCU per international $)",PA.NUS.PPP,Samoa,WSM,0.74409182012641,1.40446381274678,1.66056811905465,1.68869652905809,1.67550233681426,1.64179884350387,1.69337740822194,1.69492275892407,1.66238233106965,1.6571666376326,1.66476886176709,..
"PPP conversion factor, GDP (LCU per international $)",PA.NUS.PPP,San Marino,SMR,..,0.757151780675862,0.7102569,0.714521127555856,0.726226981023063,0.690037463066451,0.691402236648034,0.689131267415546,0.68267809471538,0.675776452362109,..,..
"PPP conversion factor, GDP (LCU per international $)",PA.NUS.PPP,Sao Tome and Principe,STP,..,..,7.43139362335205,8.65155982971191,8.76679515838623,8.62411785125732,9.18605899810791,9.73867988586426,10.0551843643188,10.2840297461422,10.5758895785602,..
"PPP conversion factor, GDP (LCU per international $)",PA.NUS.PPP,Saudi Arabia,SAU,0.845692449645803,0.862342677202974,1.58635425567627,1.6501966714859,1.66646635532379,1.64628052711487,1.59129655361176,1.63892018795013,1.64902722835541,1.79641537743279,1.77421667454294,..
"PPP conversion factor, GDP (LCU per international $)",PA.NUS.PPP,Senegal,SEN,177.312621521383,228.478666730798,241.276062011719,245.599807739258,247.2119140625,243.61833190918,242.59521484375,244.65771484375,246.786666870117,239.922291358281,239.76741239665,..
"PPP conversion factor, GDP (LCU per international $)",PA.NUS.PPP,Serbia,SRB,..,9.59634292167674,36.3236127262427,37.9823161813589,39.3227919323658,39.80204191295,40.726581423263,40.7108464887454,40.955837455491,41.3301356404028,41.0286602233073,..
"PPP conversion factor, GDP (LCU per international $)",PA.NUS.PPP,Seychelles,SYC,3.15637011830598,3.03431888361387,6.88386535644531,7.62468957901001,7.95909309387207,7.843674659729,8.15707874298096,7.81533241271973,7.96867322921753,7.95678930990349,8.07030315148556,..
"PPP conversion factor, GDP (LCU per international $)",PA.NUS.PPP,Sierra Leone,SLE,29.3348627714489,418.710790164958,1620.57507324219,1750.4375,1778.18005371094,1808.75476074219,1881.81066894531,1975.34399414063,2244.99462890625,2487.70601112925,2539.86837066535,..
"PPP conversion factor, GDP (LCU per international $)",PA.NUS.PPP,Singapore,SGP,0.970573712975329,0.938133472587271,0.846737742424011,0.845871925354004,0.858816921710968,0.863950788974762,0.879599809646606,0.878305554389954,0.885979890823364,0.89229530960426,0.877835396384707,..
"PPP conversion factor, GDP (LCU per international $)",PA.NUS.PPP,Sint Maarten (Dutch part),SXM,..,..,1.34595239162445,1.54946506023407,1.54003620147705,1.52214002609253,1.51188910007477,1.48035085201263,1.38657069206238,..,..,..
"PPP conversion factor, GDP (LCU per international $)",PA.NUS.PPP,Slovak Republic,SVK,..,0.516257,0.506407,0.504542,0.491124,0.485412,0.491417,0.503245,0.502765,0.505028,0.505186,..
"PPP conversion factor, GDP (LCU per international $)",PA.NUS.PPP,Slovenia,SVN,0.034788,0.526381,0.62397,0.606793,0.590407,0.591238,0.595138,0.577164,0.5676,0.56936,0.565524,..
"PPP conversion factor, GDP (LCU per international $)",PA.NUS.PPP,Solomon Islands,SLB,2.00737041160437,3.71188955339583,6.37486212403798,6.56810166041672,6.60586216852832,6.644900278437,6.77710733722075,6.95031558268098,6.94738977253832,7.02183965525862,7.05296132699353,..
"PPP conversion factor, GDP (LCU per international $)",PA.NUS.PPP,Somalia,SOM,..,..,8001.03131379009,8005.59299771917,8325.86334731005,8129.2714312596,7941.63533013054,7916.91075177249,8229.53108586144,..,..,..
"PPP conversion factor, GDP (LCU per international $)",PA.NUS.PPP,South Africa,ZAF,1.26526167713664,2.72777320863835,4.7766284942627,5.10781669616699,5.29573822021484,5.57189130783081,5.82525587081909,6.15909337997437,6.42670106887817,6.52444847830835,6.67050060429452,..
"PPP conversion factor, GDP (LCU per international $)",PA.NUS.PPP,South Sudan,SSD,..,..,1.59342787907878,2.29091910386011,2.50064091412904,2.60935782096652,..,..,..,..,..,..
"PPP conversion factor, GDP (LCU per international $)",PA.NUS.PPP,Spain,ESP,0.619073,0.739594,0.714129,0.694976,0.6748,0.662359,0.664562,0.642709,0.630102,0.634572,0.626643,..
"PPP conversion factor, GDP (LCU per international $)",PA.NUS.PPP,Sri Lanka,LKA,9.96065921476835,19.093137855494,39.2888870239258,41.4474563598633,42.9389686584473,44.2983093261719,45.1831893920898,46.2829627990723,49.39013671875,50.3447979572942,50.5663045713958,..
"PPP conversion factor, GDP (LCU per international $)",PA.NUS.PPP,St. Kitts and Nevis,KNA,1.476561512133,1.62728308448072,1.96119391918182,2.01614737510681,2.03364706039429,2.03498554229736,2.0349133014679,2.03761649131775,2.03976440429688,1.96308258194187,1.95711112267431,..
"PPP conversion factor, GDP (LCU per international $)",PA.NUS.PPP,St. Lucia,LCA,1.62937730332062,1.73393140529668,1.82969319820404,1.87566316127777,1.87722980976105,1.93142795562744,2.01107478141785,1.9576119184494,1.99576032161713,1.96307397654605,1.9485791439721,..
"PPP conversion factor, GDP (LCU per international $)",PA.NUS.PPP,St. Martin (French part),MAF,..,..,..,..,..,..,..,..,..,..,..,..
"PPP conversion factor, GDP (LCU per international $)",PA.NUS.PPP,St. Vincent and the Grenadines,VCT,1.61368912576738,1.59542848277622,1.63591921329498,1.6499547958374,1.64324641227722,1.59582412242889,1.60510456562042,1.53349506855011,1.59044253826141,1.55759178436945,1.55216151620894,..
"PPP conversion factor, GDP (LCU per international $)",PA.NUS.PPP,Sudan,SDN,0.00522229348002186,0.516002636040571,1.23147571086884,1.6391863822937,2.20716905593872,2.6209602355957,2.96842265129089,3.37343001365662,4.61896896362305,5.59254226782996,6.47656950504177,..
"PPP conversion factor, GDP (LCU per international $)",PA.NUS.PPP,Suriname,SUR,0.00205194358752303,0.451863553832245,1.86556231975555,1.92353367805481,1.84519410133362,1.8108571767807,1.82014083862305,2.42850780487061,2.57821440696716,2.63524891150061,3.00632814967311,..
"PPP conversion factor, GDP (LCU per international $)",PA.NUS.PPP,Sweden,SWE,8.881512,9.16082,8.844042,8.654768,8.597681,8.727131,8.852008,8.823478,8.719468,8.828738,8.745862,..
"PPP conversion factor, GDP (LCU per international $)",PA.NUS.PPP,Switzerland,CHE,1.935157,1.788217,1.397498,1.354072,1.312477,1.281761,1.235456,1.202086,1.179916,1.167667,1.147826,..
"PPP conversion factor, GDP (LCU per international $)",PA.NUS.PPP,Syrian Arab Republic,SYR,..,..,..,..,..,..,..,..,..,..,..,..
"PPP conversion factor, GDP (LCU per international $)",PA.NUS.PPP,Tajikistan,TJK,5.22357235731634E-06,0.274134996140072,1.56478023529053,1.66968774795532,1.64936029911041,1.65055990219116,1.91402864456177,2.03031325340271,2.23057007789612,2.28464582755854,2.35777661538239,..
"PPP conversion factor, GDP (LCU per international $)",PA.NUS.PPP,Tanzania,TZA,51.299005590639,276.018793481827,546.073120117188,649.704956054688,706.309265136719,759.031494140625,803.8115234375,848.679565429688,885.082885742188,905.988886492242,931.694670559889,..
"PPP conversion factor, GDP (LCU per international $)",PA.NUS.PPP,Thailand,THA,8.95408237279447,11.0276674324105,12.3871974945068,12.2497034072876,12.300760269165,12.4879426956177,12.6408605575562,12.7310800552368,12.8447160720825,12.7323793210051,12.6077561426704,..
"PPP conversion factor, GDP (LCU per international $)",PA.NUS.PPP,Timor-Leste,TLS,..,0.327300970427021,0.45453202700875,0.436645794461489,0.487293696003918,0.452933233030273,0.457573800414269,0.432427953166528,0.408969540137466,0.392410744842215,0.397900225303336,..
"PPP conversion factor, GDP (LCU per international $)",PA.NUS.PPP,Togo,TGO,140.938272309279,221.258234376068,228.624969482422,237.89924621582,240.651260375977,238.234451293945,241.552154541016,243.553085327148,239.721725463867,237.306546423043,238.141026155873,..
"PPP conversion factor, GDP (LCU per international $)",PA.NUS.PPP,Tonga,TON,0.666779702531635,0.923528486285429,1.45268475139735,1.45943750019859,1.44496224365731,1.43040924721035,1.43518587270677,1.44369266221767,1.47474082413048,1.49245543529323,..,..
"PPP conversion factor, GDP (LCU per international $)",PA.NUS.PPP,Trinidad and Tobago,TTO,2.49845903220508,2.78678782092398,3.94960689544678,4.09717798233032,4.31729984283447,4.37456893920898,4.23987770080566,4.10672616958618,4.16245174407959,4.31278713400812,4.28051937307659,..
"PPP conversion factor, GDP (LCU per international $)",PA.NUS.PPP,Tunisia,TUN,0.398637244053675,0.507069427691384,0.596331477165222,0.634823262691498,0.670525074005127,0.699728846549988,0.742019951343536,0.766765475273132,0.794180154800415,0.826131279297606,0.869091473304948,..
"PPP conversion factor, GDP (LCU per international $)",PA.NUS.PPP,Turkey,TUR,0.001187,0.281525,0.966176,1.019856,1.070294,1.104504,1.162141,1.241177,1.373044,1.60783,1.840536,..
"PPP conversion factor, GDP (LCU per international $)",PA.NUS.PPP,Turkmenistan,TKM,2.51754315695234E-07,0.456445526453383,1.42562527713955,1.5778361046542,1.63410950636299,1.68204010236378,1.64451341998313,1.61278636436468,1.62300465233047,1.60462043189185,..,..
"PPP conversion factor, GDP (LCU per international $)",PA.NUS.PPP,Turks and Caicos Islands,TCA,..,..,1.02840805053711,1.10173118114471,1.07931506633759,1.07937180995941,1.08652007579803,1.07165396213531,1.01790571212769,1.00321765778759,..,..
"PPP conversion factor, GDP (LCU per international $)",PA.NUS.PPP,Tuvalu,TUV,0.822119681649222,1.03896993333054,1.10992627187568,1.09784800144465,1.10169239318888,1.13600658365228,1.17603538891397,1.17495022565931,1.19410901226112,1.22402454484581,1.30764001667787,..
"PPP conversion factor, GDP (LCU per international $)",PA.NUS.PPP,Uganda,UGA,190.054766676327,560.940838623694,856.168212890625,1003.27728271484,1042.08117675781,1073.74743652344,1125.47131347656,1211.94018554688,1270.6083984375,1292.06188992968,1277.7702869172,..
"PPP conversion factor, GDP (LCU per international $)",PA.NUS.PPP,Ukraine,UKR,4.4089003143546E-06,0.842098318051934,3.19231104850769,3.2973940372467,3.01255059242249,3.43497610092163,4.56622552871704,5.01420640945435,5.91628871226805,6.66988968921647,7.08855163859682,..
"PPP conversion factor, GDP (LCU per international $)",PA.NUS.PPP,United Arab Emirates,ARE,1.16701719555833,1.24296563370617,2.12660837173462,2.17772459983826,2.21331596374512,2.18256711959839,2.18778467178345,2.18975210189819,2.22179198265076,2.34870203760025,2.2645917877681,..
"PPP conversion factor, GDP (LCU per international $)",PA.NUS.PPP,United Kingdom,GBR,0.639431,0.704348,0.706052,0.701634,0.695248,0.698444,0.692365,0.688672,0.682132,0.687119,0.680356,..
"PPP conversion factor, GDP (LCU per international $)",PA.NUS.PPP,United States,USA,1,1,1,1,1,1,1,1,1,1,1,..
"PPP conversion factor, GDP (LCU per international $)",PA.NUS.PPP,Uruguay,URY,0.584929602916403,8.11157872624091,15.2736978530884,16.9381217956543,18.1728801727295,19.4726181030273,21.1045780181885,22.453821182251,23.2938060760498,24.0209662100925,25.4196435933213,..
"PPP conversion factor, GDP (LCU per international $)",PA.NUS.PPP,Uzbekistan,UZB,0.000634131013537149,52.9638905252608,601.998399324912,706.904613251908,804.3101035232,935.237245846632,1058.67768324759,1179.95670461133,1432.90717805091,1784.42425317537,2091.17090021197,..
"PPP conversion factor, GDP (LCU per international $)",PA.NUS.PPP,Vanuatu,VUT,76.4377956577633,90.0644940308603,100.511043256852,99.0276695464469,99.9056928565799,100.022113099751,103.410299424255,104.175384057845,106.481879421335,106.453106574784,106.720577950292,..
"PPP conversion factor, GDP (LCU per international $)",PA.NUS.PPP,"Venezuela, RB",VEN,0.0120920571188309,0.28024409208387,2.68098258972168,..,..,..,..,..,..,..,..,..
"PPP conversion factor, GDP (LCU per international $)",PA.NUS.PPP,Vietnam,VNM,672.445994081637,2781.03789547859,6915.33544921875,7167.056640625,7369.89453125,7473.41943359375,7413.45556640625,7315.61279296875,7395.33837890625,7470.36220923569,7473.66230739729,..
"PPP conversion factor, GDP (LCU per international $)",PA.NUS.PPP,Virgin Islands (U.S.),VIR,..,..,..,..,..,..,..,..,..,..,..,..
"PPP conversion factor, GDP (LCU per international $)",PA.NUS.PPP,West Bank and Gaza,PSE,..,0.552513586481982,0.67201765050687,0.611936690323124,0.647117802641226,0.608354215297364,0.549535451594362,0.559459893110007,0.565527494568046,0.551982541453429,..,..
"PPP conversion factor, GDP (LCU per international $)",PA.NUS.PPP,"Yemen, Rep.",YEM,6.10804013799344,30.2875876450475,81.4767608642578,88.7929916381836,93.6313171386719,..,..,..,..,..,..,..
"PPP conversion factor, GDP (LCU per international $)",PA.NUS.PPP,Zambia,ZMB,0.00955639929233825,0.653753029771749,2.44634604454041,2.65149140357971,2.83286118507385,3.06482219696045,3.36648178100586,3.87882661819458,4.1925802230835,4.51538893389618,4.59327313255921,..
"PPP conversion factor, GDP (LCU per international $)",PA.NUS.PPP,Zimbabwe,ZWE,0.743998098097108,0.388323186322649,0.520335376262665,0.549245834350586,0.558424472808838,0.549251854419708,0.539304196834564,0.521861791610718,0.511243164539337,0.525530319972526,0.495680983632145,..
"PPP conversion factor, GDP (LCU per international $)",PA.NUS.PPP,Arab World,ARB,..,..,..,..,..,..,..,..,..,..,..,..
"PPP conversion factor, GDP (LCU per international $)",PA.NUS.PPP,Caribbean small states,CSS,..,..,..,..,..,..,..,..,..,..,..,..
"PPP conversion factor, GDP (LCU per international $)",PA.NUS.PPP,Central Europe and the Baltics,CEB,..,..,..,..,..,..,..,..,..,..,..,..
"PPP conversion factor, GDP (LCU per international $)",PA.NUS.PPP,Early-demographic dividend,EAR,..,..,..,..,..,..,..,..,..,..,..,..
"PPP conversion factor, GDP (LCU per international $)",PA.NUS.PPP,East Asia & Pacific,EAS,..,..,..,..,..,..,..,..,..,..,..,..
"PPP conversion factor, GDP (LCU per international $)",PA.NUS.PPP,East Asia & Pacific (excluding high income),EAP,..,..,..,..,..,..,..,..,..,..,..,..
"PPP conversion factor, GDP (LCU per international $)",PA.NUS.PPP,East Asia & Pacific (IDA & IBRD countries),TEA,..,..,..,..,..,..,..,..,..,..,..,..
"PPP conversion factor, GDP (LCU per international $)",PA.NUS.PPP,Euro area,EMU,..,..,..,..,..,..,..,..,..,..,..,..
"PPP conversion factor, GDP (LCU per international $)",PA.NUS.PPP,Europe & Central Asia,ECS,..,..,..,..,..,..,..,..,..,..,..,..
"PPP conversion factor, GDP (LCU per international $)",PA.NUS.PPP,Europe & Central Asia (excluding high income),ECA,..,..,..,..,..,..,..,..,..,..,..,..
"PPP conversion factor, GDP (LCU per international $)",PA.NUS.PPP,Europe & Central Asia (IDA & IBRD countries),TEC,..,..,..,..,..,..,..,..,..,..,..,..
"PPP conversion factor, GDP (LCU per international $)",PA.NUS.PPP,European Union,EUU,..,..,..,..,..,..,..,..,..,..,..,..
"PPP conversion factor, GDP (LCU per international $)",PA.NUS.PPP,Fragile and conflict affected situations,FCS,..,..,..,..,..,..,..,..,..,..,..,..
"PPP conversion factor, GDP (LCU per international $)",PA.NUS.PPP,Heavily indebted poor countries (HIPC),HPC,..,..,..,..,..,..,..,..,..,..,..,..
"PPP conversion factor, GDP (LCU per international $)",PA.NUS.PPP,High income,HIC,..,..,..,..,..,..,..,..,..,..,..,..
"PPP conversion factor, GDP (LCU per international $)",PA.NUS.PPP,IBRD only,IBD,..,..,..,..,..,..,..,..,..,..,..,..
"PPP conversion factor, GDP (LCU per international $)",PA.NUS.PPP,IDA & IBRD total,IBT,..,..,..,..,..,..,..,..,..,..,..,..
"PPP conversion factor, GDP (LCU per international $)",PA.NUS.PPP,IDA blend,IDB,..,..,..,..,..,..,..,..,..,..,..,..
"PPP conversion factor, GDP (LCU per international $)",PA.NUS.PPP,IDA only,IDX,..,..,..,..,..,..,..,..,..,..,..,..
"PPP conversion factor, GDP (LCU per international $)",PA.NUS.PPP,IDA total,IDA,..,..,..,..,..,..,..,..,..,..,..,..
"PPP conversion factor, GDP (LCU per international $)",PA.NUS.PPP,Late-demographic dividend,LTE,..,..,..,..,..,..,..,..,..,..,..,..
"PPP conversion factor, GDP (LCU per international $)",PA.NUS.PPP,Latin America & Caribbean,LCN,..,..,..,..,..,..,..,..,..,..,..,..
"PPP conversion factor, GDP (LCU per international $)",PA.NUS.PPP,Latin America & Caribbean (excluding high income),LAC,..,..,..,..,..,..,..,..,..,..,..,..
"PPP conversion factor, GDP (LCU per international $)",PA.NUS.PPP,Latin America & the Caribbean (IDA & IBRD countries),TLA,..,..,..,..,..,..,..,..,..,..,..,..
"PPP conversion factor, GDP (LCU per international $)",PA.NUS.PPP,Least developed countries: UN classification,LDC,..,..,..,..,..,..,..,..,..,..,..,..
"PPP conversion factor, GDP (LCU per international $)",PA.NUS.PPP,Low & middle income,LMY,..,..,..,..,..,..,..,..,..,..,..,..
"PPP conversion factor, GDP (LCU per international $)",PA.NUS.PPP,Low income,LIC,..,..,..,..,..,..,..,..,..,..,..,..
"PPP conversion factor, GDP (LCU per international $)",PA.NUS.PPP,Lower middle income,LMC,..,..,..,..,..,..,..,..,..,..,..,..
"PPP conversion factor, GDP (LCU per international $)",PA.NUS.PPP,Middle East & North Africa,MEA,..,..,..,..,..,..,..,..,..,..,..,..
"PPP conversion factor, GDP (LCU per international $)",PA.NUS.PPP,Middle East & North Africa (excluding high income),MNA,..,..,..,..,..,..,..,..,..,..,..,..
"PPP conversion factor, GDP (LCU per international $)",PA.NUS.PPP,Middle East & North Africa (IDA & IBRD countries),TMN,..,..,..,..,..,..,..,..,..,..,..,..
"PPP conversion factor, GDP (LCU per international $)",PA.NUS.PPP,Middle income,MIC,..,..,..,..,..,..,..,..,..,..,..,..
"PPP conversion factor, GDP (LCU per international $)",PA.NUS.PPP,North America,NAC,..,..,..,..,..,..,..,..,..,..,..,..
"PPP conversion factor, GDP (LCU per international $)",PA.NUS.PPP,Not classified,INX,..,..,..,..,..,..,..,..,..,..,..,..
"PPP conversion factor, GDP (LCU per international $)",PA.NUS.PPP,OECD members,OED,..,..,..,..,..,..,..,..,..,..,..,..
"PPP conversion factor, GDP (LCU per international $)",PA.NUS.PPP,Other small states,OSS,..,..,..,..,..,..,..,..,..,..,..,..
"PPP conversion factor, GDP (LCU per international $)",PA.NUS.PPP,Pacific island small states,PSS,..,..,..,..,..,..,..,..,..,..,..,..
"PPP conversion factor, GDP (LCU per international $)",PA.NUS.PPP,Post-demographic dividend,PST,..,..,..,..,..,..,..,..,..,..,..,..
"PPP conversion factor, GDP (LCU per international $)",PA.NUS.PPP,Pre-demographic dividend,PRE,..,..,..,..,..,..,..,..,..,..,..,..
"PPP conversion factor, GDP (LCU per international $)",PA.NUS.PPP,Small states,SST,..,..,..,..,..,..,..,..,..,..,..,..
"PPP conversion factor, GDP (LCU per international $)",PA.NUS.PPP,South Asia,SAS,..,..,..,..,..,..,..,..,..,..,..,..
"PPP conversion factor, GDP (LCU per international $)",PA.NUS.PPP,South Asia (IDA & IBRD),TSA,..,..,..,..,..,..,..,..,..,..,..,..
"PPP conversion factor, GDP (LCU per international $)",PA.NUS.PPP,Sub-Saharan Africa,SSF,..,..,..,..,..,..,..,..,..,..,..,..
"PPP conversion factor, GDP (LCU per international $)",PA.NUS.PPP,Sub-Saharan Africa (excluding high income),SSA,..,..,..,..,..,..,..,..,..,..,..,..
"PPP conversion factor, GDP (LCU per international $)",PA.NUS.PPP,Sub-Saharan Africa (IDA & IBRD countries),TSS,..,..,..,..,..,..,..,..,..,..,..,..
"PPP conversion factor, GDP (LCU per international $)",PA.NUS.PPP,Upper middle income,UMC,..,..,..,..,..,..,..,..,..,..,..,..
"PPP conversion factor, GDP (LCU per international $)",PA.NUS.PPP,World,WLD,..,..,..,..,..,..,..,..,..,..,..,..
,,,,,,,,,,,,,,,
,,,,,,,,,,,,,,,
,,,,,,,,,,,,,,,
Data from database: World Development Indicators,,,,,,,,,,,,,,,
Last Updated: 10/15/2020,,,,,,,,,,,,,,,
